datetime,open,high,low,close,volume
2020-10-06,141.26334,142.92667,135.35001,137.99333,147438900
2020-10-07,139.95667,143.30000,137.95000,141.76666,129383100
2020-10-08,146.14667,146.33333,141.76666,141.97333,121263300
2020-10-09,143.37666,144.86333,142.15334,144.66667,86777100
2020-10-12,147.33333,149.58000,146.19333,147.43333,116373300
2020-10-13,147.78334,149.63000,145.53334,148.88333,103391100
2020-10-14,149.92667,155.30000,149.11667,153.76666,143639100
2020-10-15,150.10333,152.19000,147.5,149.62666,107017200
2020-10-16,151.48000,151.98334,146.28334,146.55667,98327700
2020-10-19,148.74667,149,142.95667,143.61000,108863400
2020-10-20,143.91667,143.91667,139.68333,140.64667,94968900
2020-10-21,140.89999,144.31667,140.41667,140.88000,97111500
2020-10-22,147.30667,148.41000,141.50333,141.92999,119979600
2020-10-23,140.61333,140.96333,135.79333,140.21001,101151000
2020-10-26,137.21001,141.92000,136.66667,140.093338,84717600
2020-10-27,141.25333,143.5,140.033340,141.56000,68059500
2020-10-28,138.82666,139.53334,135.33333,135.34000,76354200
2020-10-29,136.65334,139.35333,135.48666,136.94333,67965900
2020-10-30,135.63333,135.86333,126.37000,129.34666,127533900
2020-11-02,131.33333,135.66000,130.76666,133.50333,87063300
2020-11-03,136.57666,142.59000,135.56334,141.30000,103055100
2020-11-04,143.53999,145.13333,139.033340,140.32666,96429300
2020-11-05,142.76666,146.66667,141.33333,146.029999,85243500
2020-11-06,145.36667,145.52333,141.42667,143.31667,65118000
2020-11-09,146.5,150.83333,140.33333,140.42000,104499000
2020-11-10,140.029999,140.029999,132.0099945,136.78667,90852600
2020-11-11,138.81667,139.56667,136.86000,139.043335,52073100
2020-11-12,138.35001,141,136.50667,137.25333,59565300
2020-11-13,136.95000,137.50999,133.88667,136.16667,59313300
2020-11-16,136.31000,137.48334,134.69667,136.029999,80515800
2020-11-17,153.39000,154,144.33667,147.20334,183564900
2020-11-18,149.45000,165.33333,147.83333,162.21333,234132000
2020-11-19,164,169.53667,162.52333,166.42334,187425900
2020-11-20,165.99667,167.5,163.020004,163.20334,98735700
2020-11-23,167.83333,175.33333,167.26334,173.95000,150780900
2020-11-24,180.13333,186.66333,175.39999,185.12666,160945500
2020-11-25,183.35333,191.33333,181.78999,191.33333,146790600
2020-11-27,193.72000,199.59334,192.81667,195.25333,112683300
2020-11-30,200.73666,202.60001,184.83667,189.20000,189009300
2020-12-01,199.19667,199.28334,190.68333,194.92000,120310500
2020-12-02,185.48000,190.51334,180.40334,189.60667,143327100
2020-12-03,196.67334,199.65666,194.14333,197.79333,127656000
2020-12-04,197.0033264,199.67999,195.16667,199.67999,88203900
2020-12-07,201.64000,216.26334,201.016663,213.92000,168929100
2020-12-08,208.50333,217.093338,206.16667,216.62666,192795000
2020-12-09,217.89667,218.10667,196,201.49333,213873600
2020-12-10,191.45667,209.25,188.78000,209.023331,201249600
2020-12-11,205.0033264,208,198.93333,203.33000,139425000
2020-12-14,206.33333,214.25,203.39999,213.27667,156121800
2020-12-15,214.42667,215.63333,207.93333,211.083328,135214500
2020-12-16,209.41000,210.83333,201.66667,207.59000,126287400
2020-12-17,209.39667,219.60667,206.5,218.63333,168810300
2020-12-18,222.96666,231.66667,209.51334,231.66667,666378600
2020-12-21,222.080002,222.83333,215.35667,216.62000,174135900
2020-12-22,216,216.62666,204.74333,213.44667,155148000
2020-12-23,210.73334,217.16667,207.52333,215.32666,99519000
2020-12-24,214.33000,222.029999,213.66667,220.59000,68596800
2020-12-28,224.83667,227.13333,220.26666,221.23000,96835800
2020-12-29,220.33333,223.30000,218.33333,221.99667,68732400
2020-12-30,224,232.20000,222.78667,231.59334,128538000
2020-12-31,233.33000,239.57333,230.37334,235.22333,148949700
2021-01-04,239.82001,248.16333,239.063339,243.25667,145914600
2021-01-05,241.22000,246.94667,239.73334,245.036667,96735600
2021-01-06,252.83000,258,249.70000,251.99333,134100000
2021-01-07,259.20999,272.32999,258.39999,272.013336,154496700
2021-01-08,285.33334,294.82999,279.46332,293.34000,225166500
2021-01-11,283.13333,284.81000,267.87332,270.39667,177904800
2021-01-12,277,289.33334,275.78000,283.14667,138812100
2021-01-13,284.25333,286.82333,277.33334,284.80334,99937500
2021-01-14,281.13000,287.66666,279.58334,281.66666,93798900
2021-01-15,284,286.63333,273.033325,275.38666,116332800
2021-01-19,279.26666,283.33334,277.66666,281.51666,76101000
2021-01-20,286.24667,286.5,279.093323,283.48334,76997700
2021-01-21,285,285.23999,280.47333,281.66333,61563300
2021-01-22,278.10333,282.66666,276.20667,282.21332,60199500
2021-01-25,285,300.13333,279.60666,293.60001,123520200
2021-01-26,297.12668,298.63333,290.53333,294.36334,69394800
2021-01-27,290.11667,297.16666,286.22000,288.053345,82002000
2021-01-28,273.33334,282.66666,267,278.47665,79134000
2021-01-29,276.66666,280.80334,260.033325,264.51001,104972400
2021-02-01,271.42999,280.66666,265.18668,279.93668,76174200
2021-02-02,281.56000,293.5,280.73334,290.92999,73038600
2021-02-03,292.34000,292.69333,284.35333,284.89667,55030500
2021-02-04,285,285.5,277.80667,283.32999,47438100
2021-02-05,281.66666,288.25665,279.65668,284.076660,55699800
2021-02-08,289.89001,292.59000,284.91666,287.80667,60485100
2021-02-09,285.040009,286.60001,280.58334,283.15332,45473100
2021-02-10,281.21332,281.60666,266.67334,268.27335,108648300
2021-02-11,270.81332,276.62668,267.24335,270.55334,64868400
2021-02-12,267.086670,272.44333,261.77667,272.040009,71304900
2021-02-16,272.66666,273.66666,264.14667,265.40668,59406900
2021-02-17,259.69666,266.61334,254.0033264,266.049988,77989500
2021-02-18,260.29999,264.89667,258.75665,262.45999,53871300
2021-02-19,265,265.59668,259.12332,260.43332,56874900
2021-02-22,254.21333,256.16666,236.73334,238.16667,111809100
2021-02-23,220.71001,237.87000,206.33333,232.94667,199820700
2021-02-24,237.28334,248.33333,231.39000,247.34000,110301000
2021-02-25,242.050003,245.73666,223.52667,227.40666,117071700
2021-02-26,233.33333,235.56667,219.83667,225.16667,123267600
2021-03-01,230.036667,239.66667,228.35001,239.47667,81408600
2021-03-02,239.42667,240.37000,228.33333,228.81334,71196600
2021-03-03,229.33000,233.56667,217.23666,217.73334,90624000
2021-03-04,218.60001,222.81667,200,207.14667,197758500
2021-03-05,208.68666,209.28000,179.83000,199.31667,268189500
2021-03-08,200.18333,206.71001,186.26334,187.66667,155361000
2021-03-09,202.72667,226.029999,198.40334,224.52667,202569900
2021-03-10,233.43333,239.28334,218.35333,222.68666,181817100
2021-03-11,233.13333,234.16667,225.72667,233.20000,108761700
2021-03-12,223.33333,231.62666,222.046661,231.24333,100751400
2021-03-15,231.36333,237.72667,228.013336,235.98000,88006800
2021-03-16,234.45000,235.97333,223.66667,225.62666,96587100
2021-03-17,218.95667,234.57666,217.0033264,233.93666,121117500
2021-03-18,228.096664,229.74333,217.33333,217.72000,99674400
2021-03-19,215.53334,219.076660,208.20667,218.28999,128682000
2021-03-22,228.19667,233.20667,222.91667,223.33333,118536600
2021-03-23,225.25667,225.93333,219.17000,220.72000,91475700
2021-03-24,222.63667,222.67334,210.036667,210.089996,101385600
2021-03-25,204.33333,215.16667,203.16667,213.46333,117674700
2021-03-26,213.95667,214.60667,199.96333,206.23666,101558400
2021-03-29,205.21333,205.49333,198.67334,203.76334,85911000
2021-03-30,200.58333,212.55333,197.0033264,211.87334,118297200
2021-03-31,215.53999,224,213.70334,222.64333,100011900
2021-04-01,229.45667,230.80667,219.80667,220.58333,105895200
2021-04-05,235.90334,236.053329,228.23334,230.35001,125528400
2021-04-06,230.10001,232.18333,227.12334,230.53999,84815400
2021-04-07,229,230.46001,222.61333,223.65666,78928200
2021-04-08,225.79333,229.85001,223.88333,227.93333,71772900
2021-04-09,225.92334,226.99001,223.14333,225.67334,64311300
2021-04-12,228.56667,234.93333,227.36333,233.99333,87407100
2021-04-13,237.56667,254.33333,236.88667,254.10667,133958400
2021-04-14,256.89999,260.26334,242.67667,244.076660,147052200
2021-04-15,247.70000,247.89667,240.43666,246.28334,83546700
2021-04-16,242.88333,249.80333,241.53334,246.59334,83938500
2021-04-19,239.86667,241.80000,230.60001,238.21001,119058600
2021-04-20,239.14000,245.75,236.89667,239.66333,106827000
2021-04-21,234.92334,248.28000,232.66667,248.039993,93646500
2021-04-22,247.16667,251.25667,239.34666,239.89667,106770900
2021-04-23,239.93333,245.78667,238.48666,243.13333,85110000
2021-04-26,247,249.76666,244.20334,246.066666,93115500
2021-04-27,239.32001,241.33333,234.45000,234.91333,88311000
2021-04-28,232.13667,236.16667,231.20000,231.46666,66813000
2021-04-29,233.17000,234.083328,222.83333,225.66667,86536200
2021-04-30,222.53000,238.49001,222.046661,236.48000,122276100
2021-05-03,234.60001,235.33333,226.83333,228.30000,81129300
2021-05-04,226.31334,227.81667,219.23334,224.53334,89217900
2021-05-05,227.020004,228.43333,222.44667,223.64667,65705700
2021-05-06,226.92000,227.0066681,216.66667,221.17999,83353800
2021-05-07,221.93333,230,220.073334,224.12334,70407600
2021-05-10,221.63333,221.68333,209.20334,209.67999,94177200
2021-05-11,199.74667,209.033340,198.53334,205.73334,139511700
2021-05-12,200.83000,206.80333,195.59000,196.63000,101470800
2021-05-13,200.51334,202.15334,186.55000,190.56334,132554700
2021-05-14,194.47000,197.62334,190.15334,196.58000,100112700
2021-05-17,191.85001,196.57666,187.066666,192.27667,97171200
2021-05-18,189.33333,198.75,187.79333,192.62334,110491800
2021-05-19,184.18333,188.73666,182.32666,187.82001,118735200
2021-05-20,191.66667,196.28334,190.35667,195.59334,92463300
2021-05-21,198.70334,198.89333,193.33333,193.62666,78091800
2021-05-24,193.86667,204.82666,191.21666,202.14667,103674300
2021-05-25,202.43666,204.66333,198.57001,201.56334,84017700
2021-05-26,202.52000,208.72333,200.5,206.37666,85917900
2021-05-27,206.74667,210.37666,205.40334,210.28334,79111800
2021-05-28,209.5,211.86333,207.46001,208.40666,68211000
2021-06-01,209.26666,211.26666,206.85001,207.96666,54254700
2021-06-02,206.71001,207.78667,199.71333,201.70667,69908400
2021-06-03,200.60001,201.51666,190.40666,190.94667,90335700
2021-06-04,193.23666,200.20334,192.39999,199.68333,72110700
2021-06-07,197.27667,203.33333,194.29333,201.71001,67631100
2021-06-08,207.67000,207.69667,198.5,201.19667,78160200
2021-06-09,200.72333,203.92999,199.21001,199.59334,49753800
2021-06-10,201.29333,205.53000,200.16667,203.37334,71758800
2021-06-11,203.41000,204.18666,200.50667,203.29666,48615900
2021-06-14,204.076660,208.49667,203.059998,205.89667,61272000
2021-06-15,205.56334,205.59666,199.41000,199.78667,53292300
2021-06-16,199.17999,202.83333,197.83333,201.62334,66432300
2021-06-17,200.63000,207.15666,200.44667,205.53334,68104200
2021-06-18,204.45667,209.45000,203.93333,207.77000,73682700
2021-06-21,208.16000,210.46333,202.96001,206.94333,74438100
2021-06-22,206.083328,209.52333,205.16667,207.90334,57476700
2021-06-23,210.66667,219.066666,210.013336,218.85667,93297600
2021-06-24,224.99667,232.53999,222.53667,226.60667,137947200
2021-06-25,229.86000,231.27000,222.89999,223.95667,97490100
2021-06-28,223.88000,231.56667,223.44000,229.57333,64884600
2021-06-29,228.21666,229.17000,225.29666,226.92000,52143900
2021-06-30,226.59000,230.93666,226.046661,226.56667,56774700
2021-07-01,227.97333,229.33000,224.26666,225.97333,55903500
2021-07-02,226.32666,233.33333,224.42000,226.30000,81163500
2021-07-06,227.23666,228,217.13333,219.86000,69853500
2021-07-07,221.42334,221.89999,212.77333,214.88333,56376000
2021-07-08,209.45667,218.14333,206.82001,217.60333,68319900
2021-07-09,217.72667,219.63667,214.89667,218.98334,54421500
2021-07-12,220.73334,229.080002,220.72000,228.56667,77781000
2021-07-13,228.77333,231.093338,222.10001,222.84666,62898300
2021-07-14,223.58333,226.20334,217.61333,217.79333,64923600
2021-07-15,219.46333,222.046661,212.62666,216.86667,60628800
2021-07-16,218.22667,218.89999,214.066666,214.74001,49113000
2021-07-19,209.96333,215.73334,207.096664,215.40666,63891300
2021-07-20,217.33000,220.79666,213.5,220.16667,46461300
2021-07-21,219.87000,221.62000,216.76334,218.42999,41859900
2021-07-22,218.81334,220.72333,214.86667,216.42000,45317100
2021-07-23,215.45334,216.26666,212.43333,214.46001,43814700
2021-07-26,216.99001,222.73334,215.70334,219.20667,76009800
2021-07-27,221.13333,222.16667,209.080002,214.92667,98439900
2021-07-28,215.66667,218.32333,213.13333,215.66000,48019800
2021-07-29,216.59666,227.89667,216.26666,225.78334,91183800
2021-07-30,223.92000,232.50999,223,229.066666,88969200
2021-08-02,233.33333,242.31334,232.80000,236.55667,100847400
2021-08-03,239.66667,240.88333,233.67000,236.58000,64860900
2021-08-04,237,241.63333,236.31000,236.97333,51007800
2021-08-05,238.66667,240.31667,237.13667,238.21001,38758800
2021-08-06,237.30000,238.77667,232.54333,233.033340,46869000
2021-08-09,236.72333,239.67667,235.043335,237.92000,44145900
2021-08-10,237.99667,238.86333,233.96001,236.66333,40296900
2021-08-11,237.57001,238.39333,234.73666,235.94000,29401800
2021-08-12,235.44667,240.93333,233.13333,240.75,52377300
2021-08-13,241.23666,243.30000,238.11333,239.056671,50194500
2021-08-16,235.023331,236.5,225.46666,228.72333,68032200
2021-08-17,224.22000,224.86000,216.28000,221.90334,71163900
2021-08-18,223.25,231.92334,223.11667,229.66333,61048200
2021-08-19,226.070007,228.85001,222.53000,224.49001,42940500
2021-08-20,227.61667,230.71001,224.56667,226.75333,44525700
2021-08-23,228.48000,237.37666,226.91667,235.43333,60794700
2021-08-24,236.89333,238.40666,234.21333,236.16333,39249300
2021-08-25,235.67667,238.99001,234.66667,237.066666,37936800
2021-08-26,236.10333,238.46666,232.53999,233.72000,39642900
2021-08-27,235,238.33333,234.033340,237.30667,41501400
2021-08-30,238.24001,243.66667,237.57666,243.63667,55812600
2021-08-31,244.33333,246.79666,242.14667,245.24001,62566200
2021-09-01,244.69333,247.33000,243.75667,244.69667,39612900
2021-09-02,244.83333,246.99001,243.51334,244.13000,38331900
2021-09-03,244.083328,244.66667,241.39999,244.52333,45738300
2021-09-07,246.66667,253.39999,246.42000,250.97333,60119400
2021-09-08,253.86000,254.81667,246.92334,251.28999,56379000
2021-09-09,251.13667,254.033340,250.54333,251.62000,42233100
2021-09-10,253.20000,254.20334,244.84000,245.42334,45552600
2021-09-13,246.73666,248.25999,236.28334,247.66667,68857500
2021-09-14,247.52333,251.49001,245.46666,248.16333,55574700
2021-09-15,248.33333,252.28667,246.12000,251.94333,46073100
2021-09-16,250.94333,252.97000,249.20334,252.33000,41770200
2021-09-17,252.38333,253.67999,250,253.16333,84612600
2021-09-20,244.85333,247.33333,239.53999,243.39000,74273100
2021-09-21,244.92999,248.24667,243.48000,246.46001,48992100
2021-09-22,247.84334,251.22333,246.37334,250.64667,45378900
2021-09-23,251.66667,252.73334,249.30667,251.21333,35842500
2021-09-24,248.63000,258.26666,248.18666,258.13000,64119000
2021-09-27,257.70667,266.33334,256.43668,263.78668,84212100
2021-09-28,262.39999,265.21332,255.39333,259.18668,76144200
2021-09-29,259.93332,264.5,256.89334,260.43668,62828700
2021-09-30,260.33334,263.043335,258.33334,258.49335,53868000
2021-10-01,259.46667,260.26001,254.53000,258.40668,51094200
2021-10-04,265.5,268.98999,258.70667,260.51001,91449900
2021-10-05,261.60001,265.76999,258.066681,260.19666,55297800
2021-10-06,258.73334,262.22000,257.73999,260.91666,43898400
2021-10-07,261.82001,268.33334,261.12668,264.53668,57587400
2021-10-08,265.40332,265.45999,260.30334,261.82999,50215800
2021-10-11,262.54999,267.079987,261.83334,263.98001,42600900
2021-10-12,266.97665,270.77335,265.52335,268.57333,66060000
2021-10-13,270.15668,271.80334,268.59332,270.35999,42360300
2021-10-14,271.82999,273.41666,271.11667,272.77335,36741600
2021-10-15,274.57999,281.070007,274.11667,281.010010,56773800
2021-10-18,283.92999,291.75333,283.82333,290.036682,72621600
2021-10-19,292.51001,292.64999,287.50333,288.089996,52143300
2021-10-20,288.45001,289.82999,285.79333,288.60001,42096300
2021-10-21,285.33334,300,285.16666,298,94444500
2021-10-22,298.5,303.33334,296.98666,303.22665,68642400
2021-10-25,316.84332,348.34000,314.73334,341.62000,188556300
2021-10-26,341.56332,364.98001,333.81332,339.47665,187245000
2021-10-27,346.55334,356.95999,343.59332,345.95334,115579500
2021-10-28,356.10333,360.33334,351.39999,359.013336,81639600
2021-10-29,360.62000,371.73666,357.73666,371.33334,89755200
2021-11-01,381.66666,403.25,372.88666,402.86334,168146100
2021-11-02,386.45334,402.86334,382,390.66666,128213400
2021-11-03,392.44333,405.13000,384.20667,404.62000,103885500
2021-11-04,411.47000,414.49667,405.66666,409.97000,76192200
2021-11-05,409.33334,413.29001,402.66666,407.36334,64886400
2021-11-08,383.26334,399,377.66666,387.64667,100337100
2021-11-09,391.20001,391.5,337.17334,341.16666,177317400
2021-11-10,336.80334,359.36667,329.10333,355.98334,128408100
2021-11-11,367.59000,368.32333,351.56000,354.50333,67189800
2021-11-12,349.16666,351.5,339.73334,344.47333,76719300
2021-11-15,339.20999,343.99335,326.20001,337.79666,104326800
2021-11-16,334.43668,352.39999,334.059998,351.57666,79627200
2021-11-17,354.50333,373.21332,351.83334,363.0033264,94336200
2021-11-18,368.85001,370.66666,358.34000,365.45999,62696700
2021-11-19,366.29001,379.57333,364.23334,379.019989,64926900
2021-11-22,387.44333,400.64999,377.47665,385.62332,99217500
2021-11-23,389.17001,393.5,354.23334,369.67667,108515100
2021-11-24,360.13000,377.59000,354,372,67680600
2021-11-26,366.48999,369.59332,360.33334,360.64001,35042700
2021-11-29,366.99667,380.89001,366.73001,378.99667,58393500
2021-11-30,381.45667,389.33334,372.66666,381.58667,81276000
2021-12-01,386.89999,390.94666,363.58667,365,68450400
2021-12-02,366.35333,371,352.21667,361.53333,73114800
2021-12-03,361.59668,363.52667,333.40332,338.32333,92322000
2021-12-06,333.83667,340.54666,316.83334,336.33667,81663000
2021-12-07,348.066681,352.55667,342.26999,350.58334,56084700
2021-12-08,350.90332,357.45999,344.33334,356.32001,41906400
2021-12-09,353.54666,354.16333,334.12000,334.60001,59438400
2021-12-10,336.25,340.32666,327.51001,339.010010,59664300
2021-12-13,333.69666,335,317.14001,322.13666,78595500
2021-12-14,315,322.13666,310,319.50333,70806300
2021-12-15,317.73666,326.25,309.41666,325.32999,75169200
2021-12-16,331.5,331.66000,307.28333,308.97333,82771500
2021-12-17,304.92334,320.22000,303.013336,310.85666,100437300
2021-12-20,303.56668,307.23001,297.79666,299.98001,56480100
2021-12-21,305.62332,313.16666,295.37332,312.84332,71517900
2021-12-22,321.88666,338.55334,319.016663,336.29001,93634200
2021-12-23,335.60001,357.66000,332.51999,355.66666,92713200
2021-12-27,357.89001,372.33334,356.90668,364.64667,71145900
2021-12-28,369.82999,373,359.47333,362.82333,60324000
2021-12-29,366.21332,368,354.71332,362.063324,56154000
2021-12-30,353.77667,365.18332,351.049988,356.78000,47040900
2021-12-31,357.81332,360.66666,351.53000,352.26001,40733700
2022-01-03,382.58334,400.35666,378.67999,399.92667,103931400
2022-01-04,396.51666,402.66666,374.35001,383.19666,100248300
2022-01-05,382.21667,390.11334,360.33667,362.70667,80119800
2022-01-06,359,362.66666,340.16666,354.89999,90336600
2022-01-07,360.12332,360.31000,336.66666,342.32001,84164700
2022-01-10,333.33334,353.033325,326.66666,352.70667,91815000
2022-01-11,351.22333,358.61667,346.27335,354.79999,66063300
2022-01-12,359.61667,371.61334,357.53000,368.73999,83739000
2022-01-13,369.69000,371.86667,342.17999,343.85333,97209900
2022-01-14,339.95999,350.66666,337.79333,349.87000,72924300
2022-01-18,342.20334,356.92999,338.68668,343.50333,66743400
2022-01-19,347.23666,351.55667,331.66666,331.88333,75442500
2022-01-20,336.57666,347.22000,331.33334,332.089996,70488600
2022-01-21,332.11334,334.85001,313.5,314.63333,103416000
2022-01-24,301.58667,311.17001,283.82333,310,151565700
2022-01-25,304.73334,317.086670,301.070007,306.13333,86595900
2022-01-26,317.47665,329.23001,302,312.47000,104867400
2022-01-27,311.12000,311.79666,276.33334,276.36667,147109500
2022-01-28,277.18668,285.83334,264.0033264,282.11667,134789100
2022-01-31,290.90332,312.66333,287.35001,312.23999,104436000
2022-02-01,311.73666,314.56668,301.66666,310.41666,73138200
2022-02-02,309.39334,310.5,296.47000,301.88666,66792900
2022-02-03,294,312.33334,293.50665,297.046661,78855600
2022-02-04,299.073334,312.16666,293.72333,307.77335,73625400
2022-02-07,307.92999,315.92334,300.90332,302.44666,60994500
2022-02-08,301.84332,308.76334,298.26666,307.33334,50729100
2022-02-09,311.66666,315.42334,306.66666,310.66666,52259400
2022-02-10,302.79001,314.60333,298.89999,301.51666,66126900
2022-02-11,303.20999,305.32001,283.56668,286.66666,79645800
2022-02-14,287.19000,299.62668,284.38333,291.92001,67756500
2022-02-15,300,307.66666,297.79333,307.47665,57286200
2022-02-16,304.68332,308.81000,300.40332,307.79666,51294300
2022-02-17,304.42001,306.16666,291.36667,292.11667,55178400
2022-02-18,295.33334,295.62332,279.20334,285.66000,68501700
2022-02-22,278.043335,285.57666,267.033325,273.84332,83288100
2022-02-23,276.81000,278.43332,253.52000,254.67999,95256900
2022-02-24,233.46333,267.49335,233.33333,266.92334,135322200
2022-02-25,269.74335,273.16666,260.79999,269.95667,76067700
2022-02-28,271.67001,292.28668,271.57001,290.14334,99006900
2022-03-01,289.89334,296.62668,284.59332,288.12332,74766900
2022-03-02,290.70999,295.49335,281.42334,293.29666,74643300
2022-03-03,292.92334,295.48001,277.53333,279.76334,61623600
2022-03-04,283.033325,285.21667,275.053345,279.42999,66999600
2022-03-07,285.43332,288.71332,268.19000,268.19333,72494100
2022-03-08,265.17667,283.32999,260.72333,274.79999,80399100
2022-03-09,279.82666,286.85333,277.33667,286.32333,59184000
2022-03-10,283.81668,284.81668,270.12000,279.43332,58648500
2022-03-11,280.066681,281.26666,264.59000,265.11667,67037100
2022-03-14,260.20334,266.89999,252.013336,255.45667,71152200
2022-03-15,258.42334,268.52335,252.19000,267.29666,66841200
2022-03-16,269.66666,280.66666,267.42001,280.076660,84028800
2022-03-17,276.99667,291.66666,275.23999,290.53333,66582900
2022-03-18,291.49667,302.61667,289.13000,301.79666,100414200
2022-03-21,304.99335,314.28333,302.36334,307.053345,81981600
2022-03-22,310,332.62000,307.25,331.32666,105868500
2022-03-23,326.64667,346.89999,325.46667,333.036682,120676200
2022-03-24,336.57666,341.49667,329.60001,337.97333,68920800
2022-03-25,336,340.60001,332.44000,336.88000,62031600
2022-03-28,355.033325,365.95999,351.20001,363.94666,102506100
2022-03-29,369.32999,371.59000,357.70334,366.52335,73614900
2022-03-30,363.72333,371.31668,361.33334,364.66333,59865000
2022-03-31,364.85666,367.71332,358.88000,359.20001,48992700
2022-04-01,360.38333,364.91666,355.54666,361.53000,54263100
2022-04-04,363.12668,383.30334,357.51001,381.81668,82035900
2022-04-05,378.76666,384.29001,362.43332,363.75333,80075100
2022-04-06,357.82333,359.66666,342.56668,348.58667,89348400
2022-04-07,350.79666,358.86334,340.51334,352.42001,79447200
2022-04-08,347.73666,349.48001,340.81332,341.82999,55013700
2022-04-11,326.79999,336.15668,324.88000,325.31000,59357100
2022-04-12,332.54666,340.39667,325.53333,328.98334,65976000
2022-04-13,327.026672,342.079987,324.36667,340.79001,55121100
2022-04-14,333.096680,337.57001,327.39667,328.33334,58422300
2022-04-18,329.67667,338.30667,324.47000,334.76334,51715200
2022-04-19,335.019989,344.98001,331.77667,342.71667,49847700
2022-04-20,343.33334,344.66666,325.083344,325.73334,70711200
2022-04-21,358.24335,364.073334,332.14001,336.26001,105416400
2022-04-22,338.30334,344.95001,331.33334,335.016663,69696600
2022-04-25,326.32333,336.20667,325.10001,332.67334,68341200
2022-04-26,331.81000,333.33334,291.66666,292.14001,136133700
2022-04-27,299.52667,306,292.45334,293.83667,76956300
2022-04-28,299.99335,300,273.89999,292.50333,124948500
2022-04-29,300.75,311.46667,290,290.25333,88133100
2022-05-02,286.92334,302.12000,282.67667,300.98001,75781500
2022-05-03,301.059998,308.026672,296.19666,303.083344,63709500
2022-05-04,301.31332,318.5,295.093323,317.54001,81643800
2022-05-05,313.0066528,315.20001,285.89999,291.093323,92519100
2022-05-06,295.66666,296,281.036682,288.54999,72903000
2022-05-09,278.81668,281.87668,260.38333,262.37000,90810300
2022-05-10,273.10333,275.12000,258.083344,266.67999,84401700
2022-05-11,265,269.92334,242.39999,244.66667,97224600
2022-05-12,233.66667,253.22000,226.66667,242.66667,140313000
2022-05-13,257.82666,262.45001,250.52333,256.53000,92150700
2022-05-16,255.72000,256.58667,239.69667,241.45667,86098500
2022-05-17,249.12000,254.82666,242.95000,253.87000,80236200
2022-05-18,248.17334,253.5,233.60333,236.60333,87811800
2022-05-19,235.66667,244.66667,231.37000,236.47333,90296700
2022-05-20,237.99667,240.52667,211,221.30000,144973200
2022-05-23,218.34000,226.65334,212.68666,224.96666,88903500
2022-05-24,217.84334,217.97333,206.85667,209.38667,89092500
2022-05-25,207.95000,223.10667,207.67000,219.60001,92139300
2022-05-26,220.47333,239.55667,217.88667,235.91000,106003200
2022-05-27,241.083328,253.26666,240.17667,253.21001,89295000
2022-05-31,257.94666,259.60001,244.74333,252.75333,101914500
2022-06-01,251.72000,257.32666,243.64000,246.78999,77247900
2022-06-02,244.15666,264.20999,242.066666,258.33334,93473100
2022-06-03,243.22667,247.79666,233.41667,234.51666,112393800
2022-06-06,244.35333,244.86667,234.35001,238.28000,84204600
2022-06-07,234,239.99667,230.093338,238.88667,72808500
2022-06-08,240.086670,249.96333,239.17667,241.86667,76210500
2022-06-09,249.34000,255.54666,239.32666,239.70667,96491400
2022-06-10,235.15666,239.5,227.91333,232.23000,97536600
2022-06-13,223.16667,226.63333,214.68333,215.73666,102767400
2022-06-14,218.28667,226.33000,211.73666,220.89000,97988700
2022-06-15,220.91667,235.66333,218.14999,233,119131800
2022-06-16,222.73666,225.16667,208.69333,213.10001,107390700
2022-06-17,213.43333,220.97000,213.19667,216.75999,92641800
2022-06-21,224.60333,243.57666,224.33333,237.036667,122793000
2022-06-22,234.50333,246.83333,233.82666,236.086670,101107500
2022-06-23,237.90666,239.31667,228.63667,235.070007,104202600
2022-06-24,237.47000,246.066666,236.086670,245.70667,95770800
2022-06-27,249.36667,252.070007,242.56667,244.92000,89178300
2022-06-28,244.48334,249.97000,232.34334,232.66333,90391200
2022-06-29,230.5,231.17334,222.27333,228.49001,82897200
2022-06-30,224.50999,229.45667,218.86333,224.47333,94600500
2022-07-01,227,230.23000,222.12000,227.26334,74460300
2022-07-05,223,233.14667,216.16667,233.066666,84581100
2022-07-06,230.78000,234.56334,227.18666,231.73334,71853600
2022-07-07,233.92000,245.36333,232.21001,244.54333,81930600
2022-07-08,242.33333,254.98000,241.16000,250.76334,101854200
2022-07-11,252.10333,253.063339,233.62666,234.34334,99241200
2022-07-12,236.84666,239.77333,228.37000,233.070007,87930900
2022-07-13,225.5,242.059998,225.033340,237.039993,97954500
2022-07-14,234.89667,238.65334,229.33333,238.31334,78557400
2022-07-15,240,243.62334,236.89000,240.066666,69683100
2022-07-18,244.93666,250.51666,239.60333,240.54666,82537500
2022-07-19,245,247.14000,236.97667,245.53000,80890200
2022-07-20,246.78334,250.66333,243.48334,247.5,88864200
2022-07-21,255.10667,273.26666,254.86667,271.70667,142032300
2022-07-22,276.22000,280.78668,270.71332,272.24335,103472700
2022-07-25,272.21667,274.14667,267.39999,268.43332,64073400
2022-07-26,266.51334,267.31000,256.26334,258.85999,66820800
2022-07-27,263.81000,275.92667,261.79001,274.82001,88110000
2022-07-28,280.066681,283.29999,272.79999,280.89999,84723000
2022-07-29,280.70001,298.32001,279.10001,297.14999,95313000
2022-08-01,301.27667,311.87668,295,297.27667,117042900
2022-08-02,294.0033264,307.83334,292.66666,300.58667,95577600
2022-08-03,305,309.54999,301.14999,307.39667,80091000
2022-08-04,311,313.60666,305,308.63333,72256200
2022-08-05,302.67001,304.60666,285.54333,288.17001,113172900
2022-08-08,295,305.20001,289.086670,290.42334,98994000
2022-08-09,290.29333,292.39667,279.35333,283.33334,86244600
2022-08-10,297.066681,297.51001,283.37000,294.35666,94918800
2022-08-11,296.51334,298.23666,285.83334,286.63000,70155000
2022-08-12,289.41666,300.16000,285.033325,300.029999,79657200
2022-08-15,301.78668,313.13333,301.23001,309.32001,89359200
2022-08-16,311.66666,314.66666,302.88333,306.56332,88136400
2022-08-17,303.39667,309.65668,300.033325,303.99667,68766000
2022-08-18,306,306.5,301.85333,302.87000,47500500
2022-08-19,299,300.35999,292.5,296.66666,61395300
2022-08-22,291.91333,292.39999,286.29666,289.91333,55843200
2022-08-23,291.45334,298.82666,287.92334,296.45334,63984900
2022-08-24,297.56332,303.64667,296.5,297.096680,57259800
2022-08-25,302.35999,302.95999,291.60001,296.070007,53230000
2022-08-26,297.42999,302,287.47000,288.089996,57163900
2022-08-29,282.82999,287.73999,280.70001,284.82001,41864700
2022-08-30,287.87000,288.48001,272.64999,277.70001,50541800
2022-08-31,280.62000,281.25,271.81000,275.60999,52107300
2022-09-01,272.57999,277.57999,266.14999,277.16000,54287000
2022-09-02,281.070007,282.35001,269.079987,270.20999,50890100
2022-09-06,272.67999,275.98999,265.73999,274.42001,55860000
2022-09-07,273.10001,283.84000,272.26999,283.70001,50028900
2022-09-08,281.29999,289.5,279.76001,289.26001,53713100
2022-09-09,291.67001,299.85001,291.25,299.67999,54338100
2022-09-12,300.72000,305.48999,300.39999,304.42001,48674600
2022-09-13,292.89999,297.39999,290.39999,292.13000,68229600
2022-09-14,292.23999,306,291.64001,302.60999,72628700
2022-09-15,301.82999,309.12000,300.72000,303.75,64795500
2022-09-16,299.60999,303.70999,295.60001,303.35001,87087800
2022-09-19,300.089996,309.84000,297.79999,309.070007,60231200
2022-09-20,306.91000,313.32999,305.57999,308.73001,61642800
2022-09-21,308.29001,313.79999,300.63000,300.79999,62555700
2022-09-22,299.85999,301.29001,285.82001,288.59000,70545400
2022-09-23,283.089996,284.5,272.82001,275.32999,63748400
2022-09-26,271.82999,284.089996,270.31000,276.010010,58076900
2022-09-27,283.84000,288.67001,277.51001,282.94000,61925200
2022-09-28,283.079987,289,277.57001,287.81000,54664800
2022-09-29,282.76001,283.64999,265.78000,268.20999,77620600
2022-09-30,266.14999,275.57001,262.47000,265.25,67726600
2022-10-03,254.5,255.16000,241.0099945,242.39999,98363500
2022-10-04,250.52000,257.5,242.0099945,249.44000,109578500
2022-10-05,245.0099945,246.67000,233.27000,240.81000,86982700
2022-10-06,239.44000,244.58000,235.35001,238.13000,69298400
2022-10-07,233.94000,234.57001,222.020004,223.070007,83916800
2022-10-10,223.92999,226.99001,218.36000,222.96001,67925000
2022-10-11,220.95000,225.75,215,216.5,77013200
2022-10-12,215.33000,219.30000,211.50999,217.24001,66860700
2022-10-13,208.30000,222.99001,206.22000,221.72000,91483000
2022-10-14,224.0099945,226.25999,204.16000,204.99001,94124500
2022-10-17,210.039993,221.86000,209.45000,219.35001,79428800
2022-10-18,229.5,229.82001,217.25,220.19000,75891900
2022-10-19,219.80000,222.92999,217.78000,222.039993,66571500
2022-10-20,208.28000,215.55000,202,207.28000,117798100
2022-10-21,206.42000,214.66000,203.80000,214.44000,75713800
2022-10-24,205.82001,213.5,198.59000,211.25,100446800
2022-10-25,210.10001,224.35001,210,222.42000,96507900
2022-10-26,219.39999,230.60001,218.20000,224.64000,85012500
2022-10-27,229.77000,233.81000,222.85001,225.089996,61638800
2022-10-28,225.39999,228.86000,216.35001,228.52000,69152400
2022-10-31,226.19000,229.85001,221.94000,227.53999,61554300
2022-11-01,234.050003,237.39999,227.28000,227.82001,62688800
2022-11-02,226.039993,227.87000,214.82001,214.98000,63070300
2022-11-03,211.36000,221.20000,210.14000,215.31000,56538800
2022-11-04,222.60001,223.80000,203.080002,207.47000,98622200
2022-11-07,208.64999,208.89999,196.66000,197.080002,93916500
2022-11-08,194.020004,195.20000,186.75,191.30000,128803400
2022-11-09,190.78000,195.89000,177.12000,177.59000,127062700
2022-11-10,189.89999,191,180.029999,190.72000,132703000
2022-11-11,186,196.52000,182.59000,195.97000,114403600
2022-11-14,192.77000,195.73000,186.34000,190.95000,92226600
2022-11-15,195.88000,200.82001,192.059998,194.42000,91293800
2022-11-16,191.50999,192.57001,185.66000,186.92000,66567600
2022-11-17,183.96001,186.16000,180.89999,183.17000,64336000
2022-11-18,185.050003,185.19000,176.55000,180.19000,76048900
2022-11-21,175.85001,176.77000,167.53999,167.87000,92882700
2022-11-22,168.63000,170.92000,166.19000,169.91000,78452300
2022-11-23,173.57001,183.62000,172.5,183.20000,109536700
2022-11-25,185.059998,185.20000,180.63000,182.86000,50672700
2022-11-28,179.96001,188.5,179,182.92000,92905200
2022-11-29,184.99001,186.38000,178.75,180.83000,83357100
2022-11-30,182.42999,194.75999,180.63000,194.70000,109186400
2022-12-01,197.080002,198.92000,191.80000,194.70000,80046200
2022-12-02,191.78000,196.25,191.11000,194.86000,73645900
2022-12-05,189.44000,191.27000,180.55000,182.45000,93122700
2022-12-06,181.22000,183.64999,175.33000,179.82001,92150800
2022-12-07,175.029999,179.38000,172.22000,174.039993,84213300
2022-12-08,172.20000,175.20000,169.059998,173.44000,97624500
2022-12-09,173.84000,182.5,173.36000,179.050003,104872300
2022-12-12,176.10001,177.37000,167.52000,167.82001,109794500
2022-12-13,174.87000,175.050003,156.91000,160.95000,175862700
2022-12-14,159.25,161.62000,155.31000,156.80000,140682300
2022-12-15,153.44000,160.92999,153.28000,157.67000,122334500
2022-12-16,159.64000,160.99001,150.039993,150.23000,139032200
2022-12-19,154,155.25,145.82001,149.87000,139390600
2022-12-20,146.050003,148.47000,137.66000,137.80000,159563300
2022-12-21,139.34000,141.25999,135.89000,137.57001,145417400
2022-12-22,136,136.63000,122.26000,125.35000,210090300
2022-12-23,126.37000,128.62000,121.019997,123.15000,166989700
2022-12-27,117.5,119.67000,108.76000,109.099998,208643400
2022-12-28,110.35000,116.27000,108.24000,112.71000,221070500
2022-12-29,120.39000,123.57000,117.5,121.82000,221923300
2022-12-30,119.95000,124.48000,119.75,123.18000,157777300
2023-01-03,118.47000,118.80000,104.64000,108.099998,231402800
2023-01-04,109.11000,114.59000,107.52000,113.64000,180389000
2023-01-05,110.51000,111.75,107.16000,110.34000,157986300
2023-01-06,103,114.39000,101.81000,113.059998,220911100
2023-01-09,118.96000,123.52000,117.11000,119.77000,190284000
2023-01-10,121.070000,122.76000,114.92000,118.85000,167642500
2023-01-11,122.089996,125.95000,120.51000,123.22000,183810800
2023-01-12,122.56000,124.13000,117,123.56000,169400900
2023-01-13,116.55000,122.63000,115.60000,122.40000,180714100
2023-01-17,125.70000,131.70000,125.019997,131.49001,186477000
2023-01-18,136.56000,136.67999,127.010002,128.78000,195680300
2023-01-19,127.26000,129.99001,124.31000,127.17000,170291900
2023-01-20,128.67999,133.50999,127.35000,133.42000,138858100
2023-01-23,135.87000,145.38000,134.27000,143.75,203119200
2023-01-24,143,146.5,141.10001,143.89000,158699100
2023-01-25,141.91000,146.41000,138.070007,144.42999,192734300
2023-01-26,159.97000,161.42000,154.75999,160.27000,234815100
2023-01-27,162.42999,180.67999,161.17000,177.89999,306590600
2023-01-30,178.050003,179.77000,166.5,166.66000,230878800
2023-01-31,164.57001,174.30000,162.78000,173.22000,196813500
2023-02-01,173.89000,183.81000,169.92999,181.41000,213806300
2023-02-02,187.33000,196.75,182.61000,188.27000,217448300
2023-02-03,183.95000,199,183.69000,189.98000,232662000
2023-02-06,193.0099945,198.17000,189.92000,194.75999,186188100
2023-02-07,196.42999,197.5,189.55000,196.81000,186010300
2023-02-08,196.10001,203,194.31000,201.28999,180673600
2023-02-09,207.78000,214,204.77000,207.32001,215431400
2023-02-10,202.23000,206.20000,192.89000,196.89000,204754100
2023-02-13,194.42000,196.30000,187.61000,194.64000,172475500
2023-02-14,191.94000,209.82001,189.44000,209.25,216455700
2023-02-15,211.75999,214.66000,206.11000,214.24001,181006400
2023-02-16,210.78000,217.64999,201.84000,202.039993,229586500
2023-02-17,199.99001,208.44000,197.5,208.31000,213738500
2023-02-21,204.99001,209.71001,197.22000,197.37000,180018600
2023-02-22,197.92999,201.99001,191.78000,200.86000,191828500
2023-02-23,203.91000,205.14000,196.33000,202.070007,146360000
2023-02-24,196.33000,197.67000,192.80000,196.88000,142228100
2023-02-27,202.029999,209.42000,201.25999,207.63000,161028300
2023-02-28,210.59000,211.23000,203.75,205.71001,153144900
2023-03-01,206.21001,207.20000,198.52000,202.77000,156852800
2023-03-02,186.74001,193.75,186.0099945,190.89999,181500700
2023-03-03,194.80000,200.48000,192.88000,197.78999,154193300
2023-03-06,198.53999,198.60001,192.30000,193.81000,128100100
2023-03-07,191.38000,194.20000,186.10001,187.71001,148125800
2023-03-08,185.039993,186.5,180,182,151897800
2023-03-09,180.25,185.17999,172.50999,172.92000,170023800
2023-03-10,175.13000,178.28999,168.44000,173.44000,191488900
2023-03-13,167.46001,177.35001,163.91000,174.48000,167790300
2023-03-14,177.31000,183.80000,177.14000,183.25999,143717900
2023-03-15,180.80000,182.34000,176.029999,180.45000,145995600
2023-03-16,180.37000,185.81000,178.84000,184.13000,121136800
2023-03-17,184.52000,186.22000,177.33000,180.13000,133197100
2023-03-20,178.080002,186.44000,176.35001,183.25,129684400
2023-03-21,188.28000,198,188.039993,197.58000,153391400
2023-03-22,199.30000,200.66000,190.95000,191.14999,150376400
2023-03-23,195.25999,199.31000,188.64999,192.22000,144193900
2023-03-24,191.64999,192.36000,187.14999,190.41000,116312400
2023-03-27,194.42000,197.39000,189.94000,191.81000,120851600
2023-03-28,192,192.35001,185.42999,189.19000,98654600
2023-03-29,193.13000,195.28999,189.44000,193.88000,123660000
2023-03-30,195.58000,197.33000,194.42000,195.28000,110252200
2023-03-31,197.53000,207.78999,197.20000,207.46001,170222100
2023-04-03,199.91000,202.69000,192.20000,194.77000,169545900
2023-04-04,197.32001,198.74001,190.32001,192.58000,126463800
2023-04-05,190.52000,190.67999,183.75999,185.52000,133882500
2023-04-06,183.080002,186.39000,179.74001,185.059998,123857900
2023-04-10,179.94000,185.10001,176.11000,184.50999,142154600
2023-04-11,186.69000,189.19000,185.64999,186.78999,115770900
2023-04-12,190.74001,191.58000,180.31000,180.53999,150256300
2023-04-13,182.96001,186.5,180.94000,185.89999,112933000
2023-04-14,183.95000,186.28000,182.0099945,185,96438700
2023-04-17,186.32001,189.69000,182.69000,187.039993,116662200
2023-04-18,187.14999,187.69000,183.58000,184.31000,92067000
2023-04-19,179.10001,183.5,177.64999,180.59000,125732700
2023-04-20,166.17000,169.70000,160.56000,162.99001,210970800
2023-04-21,164.80000,166,161.32001,165.080002,123539000
2023-04-24,164.64999,165.64999,158.61000,162.55000,140006600
2023-04-25,159.82001,163.47000,158.75,160.67000,121999300
2023-04-26,160.28999,160.67000,153.14000,153.75,153364100
2023-04-27,152.64000,160.48000,152.37000,160.19000,127015200
2023-04-28,160.89999,165,157.32001,164.31000,122515800
2023-05-01,163.17000,163.28000,158.83000,161.83000,109015000
2023-05-02,161.88000,165.49001,158.92999,160.31000,128259700
2023-05-03,160.0099945,165,159.91000,160.61000,119728000
2023-05-04,162.71001,162.95000,159.64999,161.20000,95108500
2023-05-05,163.97000,170.78999,163.50999,170.059998,107440900
2023-05-08,173.72000,173.80000,169.19000,171.78999,112249400
2023-05-09,168.95000,169.82001,166.56000,169.14999,88965000
2023-05-10,172.55000,174.42999,166.67999,168.53999,119840700
2023-05-11,168.70000,173.57001,166.78999,172.080002,103889900
2023-05-12,176.070007,177.38000,167.23000,167.98000,157577100
2023-05-15,167.66000,169.75999,164.55000,166.35001,105592500
2023-05-16,165.64999,169.52000,164.35001,166.52000,98288800
2023-05-17,168.41000,174.5,167.19000,173.86000,125473600
2023-05-18,174.22000,177.059998,172.45000,176.89000,109520300
2023-05-19,177.17000,181.95000,176.31000,180.14000,136024200
2023-05-22,180.70000,189.32001,180.11000,188.87000,132001400
2023-05-23,186.20000,192.96001,185.25999,185.77000,156952100
2023-05-24,182.23000,184.22000,178.22000,182.89999,137605100
2023-05-25,186.53999,186.78000,180.58000,184.47000,96870700
2023-05-26,184.62000,198.60001,184.53000,193.17000,162061500
2023-05-30,200.10001,204.48000,197.53000,201.16000,128818700
2023-05-31,199.78000,203.95000,195.12000,203.92999,150711700
2023-06-01,202.59000,209.80000,199.37000,207.52000,148029900
2023-06-02,210.14999,217.25,209.75,213.97000,164129000
2023-06-05,217.80000,221.28999,214.52000,217.61000,151143100
2023-06-06,216.14000,221.91000,212.53000,221.31000,146911600
2023-06-07,228,230.83000,223.20000,224.57001,185710800
2023-06-08,224.22000,235.23000,223.0099945,234.86000,164489700
2023-06-09,249.070007,252.42000,242.020004,244.39999,199882300
2023-06-12,247.94000,250.97000,244.59000,249.83000,150337900
2023-06-13,253.50999,259.67999,251.34000,258.70999,162384300
2023-06-14,260.17001,261.57001,250.5,256.79001,170575500
2023-06-15,248.39999,258.95001,247.28999,255.89999,160171200
2023-06-16,258.92001,263.60001,257.20999,260.54001,167563700
2023-06-20,261.5,274.75,261.12000,274.45001,165611200
2023-06-21,275.13000,276.98999,257.78000,259.45999,211797100
2023-06-22,250.77000,265,248.25,264.60999,166875900
2023-06-23,259.29001,262.45001,252.80000,256.60001,176584100
2023-06-26,250.070007,258.37000,240.70000,241.050003,179990600
2023-06-27,243.24001,250.39000,240.85001,250.21001,164968200
2023-06-28,249.70000,259.88000,248.89000,256.23999,159770800
2023-06-29,258.029999,260.73999,253.61000,257.5,131283400
2023-06-30,260.60001,264.45001,259.89001,261.76999,112267600
2023-07-03,276.48999,284.25,275.10999,279.82001,119685900
2023-07-05,278.82001,283.85001,277.60001,282.48001,131530900
2023-07-06,278.089996,279.97000,272.88000,276.54001,120332100
2023-07-07,278.42999,280.78000,273.76999,274.42999,113602000
2023-07-10,276.47000,277.51999,265.10001,269.60999,119425400
2023-07-11,268.64999,270.89999,266.37000,269.79001,91972400
2023-07-12,276.32999,276.51999,271.45999,271.98999,95672100
2023-07-13,274.59000,279.45001,270.60001,277.89999,112681500
2023-07-14,277.010010,285.29999,276.31000,281.38000,119771100
2023-07-17,286.63000,292.23001,283.57001,290.38000,131569600
2023-07-18,290.14999,295.26001,286.010010,293.34000,112434700
2023-07-19,296.040009,299.29001,289.51999,291.26001,142355400
2023-07-20,279.56000,280.92999,261.20001,262.89999,175158300
2023-07-21,268,268,255.80000,260.019989,161050100
2023-07-24,255.85001,269.85001,254.12000,269.059998,136508500
2023-07-25,272.38000,272.89999,265,265.28000,112757300
2023-07-26,263.25,268.040009,261.75,264.35001,95856200
2023-07-27,268.31000,269.13000,255.30000,255.71001,103697300
2023-07-28,259.85999,267.25,258.23001,266.44000,111446000
2023-07-31,267.48001,269.079987,263.78000,267.42999,84582200
2023-08-01,266.26001,266.47000,260.25,261.070007,83166000
2023-08-02,255.57001,259.51999,250.49001,254.11000,101752900
2023-08-03,252.039993,260.48999,252,259.32001,97569100
2023-08-04,260.97000,264.76999,253.11000,253.86000,99242600
2023-08-07,251.45000,253.64999,242.75999,251.45000,111097900
2023-08-08,247.45000,250.92000,245.0099945,249.70000,96642200
2023-08-09,250.87000,251.10001,241.89999,242.19000,101596300
2023-08-10,245.39999,251.80000,243,245.34000,109498600
2023-08-11,241.77000,243.78999,238.020004,242.64999,98866600
2023-08-14,235.70000,240.66000,233.75,239.75999,98595300
2023-08-15,238.73000,240.5,232.61000,232.96001,88197600
2023-08-16,228.020004,233.97000,225.38000,225.60001,112484500
2023-08-17,226.059998,226.74001,218.83000,219.22000,120718400
2023-08-18,214.12000,217.58000,212.36000,215.49001,135813700
2023-08-21,221.55000,232.13000,220.58000,231.28000,135702700
2023-08-22,240.25,240.82001,229.55000,233.19000,130597900
2023-08-23,229.34000,238.98000,229.28999,236.86000,101077600
2023-08-24,238.66000,238.92000,228.17999,230.039993,99777400
2023-08-25,231.31000,239,230.35001,238.59000,106612200
2023-08-28,242.58000,244.38000,235.35001,238.82001,107673700
2023-08-29,238.58000,257.48001,237.77000,257.17999,134047600
2023-08-30,254.20000,260.51001,250.59000,256.89999,121988400
2023-08-31,255.98000,261.17999,255.050003,258.079987,108861700
2023-09-01,257.26001,259.079987,242.0099945,245.0099945,132272500
2023-09-05,245,258,244.86000,256.48999,129469600
2023-09-06,255.14000,255.39000,245.059998,251.92000,116959800
2023-09-07,245.070007,252.81000,243.27000,251.49001,115312900
2023-09-08,251.22000,256.51999,246.67000,248.5,118367700
2023-09-11,264.26999,274.85001,260.60999,273.57999,174667900
2023-09-12,270.76001,278.39001,266.60001,267.48001,135999900
2023-09-13,270.070007,274.98001,268.10001,271.29999,111673700
2023-09-14,271.32001,276.70999,270.42001,276.040009,107709800
2023-09-15,277.54999,278.98001,271,274.39001,133422800
2023-09-18,271.16000,271.44000,263.76001,265.28000,101543300
2023-09-19,264.35001,267.85001,261.20001,266.5,103704000
2023-09-20,267.040009,273.92999,262.45999,262.59000,122514600
2023-09-21,257.85001,260.85999,254.21001,255.70000,119531000
2023-09-22,257.39999,257.79001,244.48000,244.88000,127524100
2023-09-25,243.38000,247.10001,238.31000,246.99001,104636600
2023-09-26,242.98000,249.55000,241.66000,244.12000,101993600
2023-09-27,244.25999,245.33000,234.58000,240.5,136597200
2023-09-28,240.020004,247.55000,238.64999,246.38000,117058900
2023-09-29,250,254.77000,246.35001,250.22000,128346200
2023-10-02,244.81000,254.28000,242.62000,251.60001,123810400
2023-10-03,248.61000,250.020004,244.45000,246.53000,101985300
2023-10-04,248.14000,261.85999,247.60001,261.16000,129721600
2023-10-05,260,263.60001,256.25,260.049988,119159200
2023-10-06,253.98000,261.64999,250.64999,260.53000,117947000
2023-10-09,255.31000,261.35999,252.050003,259.67001,101377900
2023-10-10,257.75,268.94000,257.64999,263.62000,122656000
2023-10-11,266.20001,268.60001,260.89999,262.98999,103706300
2023-10-12,262.92001,265.41000,256.63000,258.87000,111508100
2023-10-13,258.89999,259.60001,250.22000,251.12000,102073800
2023-10-16,250.050003,255.39999,248.48000,253.92000,88917200
2023-10-17,250.10001,257.17999,247.080002,254.85001,93562900
2023-10-18,252.70000,254.63000,242.080002,242.67999,125147800
2023-10-19,225.95000,230.61000,216.78000,220.11000,170772700
2023-10-20,217.0099945,218.86000,210.42000,211.99001,137734000
2023-10-23,210,216.98000,202.50999,212.080002,150683400
2023-10-24,216.5,222.050003,214.11000,216.52000,118231100
2023-10-25,215.88000,220.10001,212.20000,212.42000,107065100
2023-10-26,211.32001,214.80000,204.88000,205.75999,115112600
2023-10-27,210.60001,212.41000,205.77000,207.30000,94881200
2023-10-30,209.28000,210.88000,194.67000,197.36000,136448200
2023-10-31,196.12000,202.80000,194.070007,200.84000,118068300
2023-11-01,204.039993,205.99001,197.85001,205.66000,121661700
2023-11-02,212.97000,219.20000,211.45000,218.50999,125987600
2023-11-03,221.14999,226.37000,218.39999,219.96001,119281000
2023-11-06,223.98000,226.32001,215,219.27000,117335800
2023-11-07,219.98000,223.12000,215.72000,222.17999,116900100
2023-11-08,223.14999,224.14999,217.64000,222.11000,106584800
2023-11-09,219.75,220.80000,206.67999,209.98000,142110500
2023-11-10,210.029999,215.38000,205.69000,214.64999,130994000
2023-11-13,215.60001,225.39999,211.61000,223.71001,140447600
2023-11-14,235.029999,238.14000,230.72000,237.41000,149771600
2023-11-15,239.28999,246.70000,236.45000,242.84000,150354000
2023-11-16,239.49001,240.88000,230.96001,233.59000,136816800
2023-11-17,232,237.39000,226.53999,234.30000,142532800
2023-11-20,234.039993,237.10001,231.020004,235.60001,116320100
2023-11-21,235.039993,243.62000,233.34000,241.20000,122288000
2023-11-22,242.039993,244.0099945,231.39999,234.21001,117950600
2023-11-24,233.75,238.75,232.33000,235.45000,65125200
2023-11-27,236.89000,238.33000,232.10001,236.080002,112031800
2023-11-28,236.67999,247,234.0099945,246.72000,148549900
2023-11-29,249.21001,252.75,242.75999,244.14000,135401300
2023-11-30,245.14000,245.22000,236.91000,240.080002,132353200
2023-12-01,233.14000,240.19000,231.89999,238.83000,121173500
2023-12-04,235.75,239.37000,233.28999,235.58000,104099800
2023-12-05,233.87000,246.66000,233.70000,238.72000,137971100
2023-12-06,242.92000,246.57001,239.17000,239.37000,126436200
2023-12-07,241.55000,244.080002,236.98000,242.64000,107142300
2023-12-08,240.27000,245.27000,239.27000,243.84000,102980100
2023-12-11,242.74001,243.44000,237.45000,239.74001,97913900
2023-12-12,238.55000,238.99001,233.87000,237.0099945,95328300
2023-12-13,234.19000,240.30000,228.20000,239.28999,146286300
2023-12-14,241.22000,253.88000,240.78999,251.050003,160829200
2023-12-15,251.21001,254.13000,248.30000,253.5,135720800
2023-12-18,253.78000,258.73999,251.36000,252.080002,116416500
2023-12-19,253.48000,258.34000,253.0099945,257.22000,106737400
2023-12-20,256.41000,259.84000,247,247.14000,125097000
2023-12-21,251.89999,254.80000,248.55000,254.5,109594200
2023-12-22,256.76001,258.22000,251.37000,252.53999,93249800
2023-12-26,254.49001,257.97000,252.91000,256.60999,86892400
2023-12-27,258.35001,263.34000,257.51999,261.44000,106494400
2023-12-28,263.66000,265.13000,252.71001,253.17999,113619900
2023-12-29,255.10001,255.19000,247.42999,248.48000,100615300
2024-01-02,250.080002,251.25,244.41000,248.42000,104654200
2024-01-03,244.98000,245.67999,236.32001,238.45000,121082600
2024-01-04,239.25,242.70000,237.73000,237.92999,102629300
2024-01-05,236.86000,240.12000,234.89999,237.49001,92379400
2024-01-08,236.14000,241.25,235.30000,240.45000,85166600
2024-01-09,238.11000,238.96001,232.039993,234.96001,96705700
2024-01-10,235.10001,235.5,231.28999,233.94000,91628500
2024-01-11,230.57001,230.92999,225.37000,227.22000,105873600
2024-01-12,220.080002,225.34000,217.14999,218.89000,122889000
2024-01-16,215.10001,223.49001,212.17999,219.91000,115355000
2024-01-17,214.86000,215.67000,212.0099945,215.55000,103164400
2024-01-18,216.88000,217.45000,208.74001,211.88000,108595400
2024-01-19,209.99001,213.19000,207.56000,212.19000,102095800
2024-01-22,212.25999,217.80000,206.27000,208.80000,117952500
2024-01-23,211.30000,215.64999,207.75,209.14000,106605900
2024-01-24,211.88000,212.73000,206.77000,207.83000,123369900
2024-01-25,189.70000,193,180.059998,182.63000,198076800
2024-01-26,185.5,186.78000,182.10001,183.25,107343200
2024-01-29,185.63000,191.48000,183.67000,190.92999,125013100
2024-01-30,195.33000,196.36000,190.61000,191.59000,109982300
2024-01-31,187,193.97000,185.85001,187.28999,103221400
2024-02-01,188.5,189.88000,184.28000,188.86000,91843300
2024-02-02,185.039993,188.69000,182,187.91000,110505100
2024-02-05,184.25999,184.67999,175.0099945,181.059998,134294400
2024-02-06,177.21001,186.49001,177.11000,185.10001,122676000
2024-02-07,188.17999,189.78999,182.67999,187.58000,111535200
2024-02-08,189,191.62000,185.58000,189.56000,83034000
2024-02-09,190.17999,194.12000,189.48000,193.57001,84476300
2024-02-12,192.11000,194.73000,187.28000,188.13000,95498600
2024-02-13,183.99001,187.25999,182.11000,184.020004,86759500
2024-02-14,185.30000,188.89000,183.35001,188.71001,81203000
2024-02-15,189.16000,200.88000,188.86000,200.45000,120831800
2024-02-16,202.059998,203.17000,197.39999,199.95000,111173600
2024-02-20,196.13000,198.60001,189.13000,193.75999,104545800
2024-02-21,193.36000,199.44000,191.95000,194.77000,103844000
2024-02-22,194,198.32001,191.36000,197.41000,92739500
2024-02-23,195.31000,197.57001,191.5,191.97000,78841900
2024-02-26,192.28999,201.78000,192,199.39999,111747100
2024-02-27,204.039993,205.60001,198.25999,199.73000,108645400
2024-02-28,200.42000,205.30000,198.44000,202.039993,99806200
2024-02-29,204.17999,205.28000,198.45000,201.88000,85907000
2024-03-01,200.52000,204.52000,198.5,202.64000,82099200
2024-03-04,198.73000,199.75,186.72000,188.14000,134334900
2024-03-05,183.050003,184.59000,177.57001,180.74001,119660800
2024-03-06,179.99001,181.58000,173.70000,176.53999,107920900
2024-03-07,174.35001,180.039993,173.70000,178.64999,102129000
2024-03-08,181.5,182.73000,174.70000,175.34000,85315300
2024-03-11,175.45000,182.87000,174.80000,177.77000,85391500
2024-03-12,177.77000,179.42999,172.41000,177.53999,87391700
2024-03-13,173.050003,176.050003,169.14999,169.48000,106524500
2024-03-14,167.77000,171.17000,160.50999,162.5,126325700
2024-03-15,163.16000,165.17999,160.75999,163.57001,96971900
2024-03-18,170.020004,174.72000,165.89999,173.80000,108214400
2024-03-19,172.36000,172.82001,167.42000,171.32001,77271400
2024-03-20,173,176.25,170.82001,175.66000,83846700
2024-03-21,176.39000,178.17999,171.80000,172.82001,73178000
2024-03-22,166.69000,171.20000,166.30000,170.83000,75454700
2024-03-25,168.75999,175.24001,168.73000,172.63000,74228600
2024-03-26,178.58000,184.25,177.38000,177.67000,113186200
2024-03-27,181.41000,181.91000,176,179.83000,81804000
2024-03-28,177.45000,179.57001,175.30000,175.78999,77654800
2024-04-01,176.17000,176.75,170.21001,175.22000,81562100
2024-04-02,164.75,167.69000,163.42999,166.63000,116650600
2024-04-03,164.020004,168.82001,163.28000,168.38000,82950100
2024-04-04,170.070007,177.19000,168.0099945,171.11000,123162000
2024-04-05,169.080002,170.86000,160.50999,164.89999,141250700
2024-04-08,169.34000,174.5,167.78999,172.98000,104423300
2024-04-09,172.91000,179.22000,171.92000,176.88000,103232700
2024-04-10,173.039993,174.92999,170.0099945,171.75999,84532400
2024-04-11,172.55000,175.88000,168.50999,174.60001,94516000
2024-04-12,172.34000,173.81000,170.36000,171.050003,64506600
2024-04-15,170.24001,170.69000,161.38000,161.48000,100245300
2024-04-16,156.74001,158.19000,153.75,157.11000,97000000
2024-04-17,157.64000,158.33000,153.78000,155.45000,82439700
2024-04-18,151.25,152.20000,148.70000,149.92999,96098800
2024-04-19,148.97000,150.94000,146.22000,147.050003,86005100
2024-04-22,140.56000,144.44000,138.80000,142.050003,107097600
2024-04-23,143.33000,147.25999,141.11000,144.67999,124545100
2024-04-24,162.84000,167.97000,157.50999,162.13000,181178000
2024-04-25,158.96001,170.88000,158.36000,170.17999,126427500
2024-04-26,168.85001,172.12000,166.37000,168.28999,109815700
2024-04-29,188.42000,198.87000,184.53999,194.050003,243869700
2024-04-30,186.98000,190.95000,182.84000,183.28000,127031800
2024-05-01,182,185.86000,179.0099945,179.99001,92829700
2024-05-02,182.86000,184.60001,176.020004,180.0099945,89148000
2024-05-03,182.10001,184.78000,178.42000,181.19000,75491500
2024-05-06,183.80000,187.56000,182.20000,184.75999,84390300
2024-05-07,182.39999,183.25999,177.39999,177.81000,75045900
2024-05-08,171.59000,176.059998,170.14999,174.72000,79969500
2024-05-09,175.0099945,175.62000,171.37000,171.97000,65950300
2024-05-10,173.050003,173.059998,167.75,168.47000,72627200
2024-05-13,170,175.39999,169,171.89000,67018900
2024-05-14,174.5,179.49001,174.070007,177.55000,86407400
2024-05-15,179.89999,180,173.11000,173.99001,79663000
2024-05-16,174.10001,175.78999,171.42999,174.84000,59812200
2024-05-17,173.55000,179.63000,172.75,177.46001,77445800
2024-05-20,177.56000,177.75,173.52000,174.95000,61727400
2024-05-21,175.50999,186.88000,174.71001,186.60001,115266500
2024-05-22,182.85001,183.80000,178.12000,180.11000,88313500
2024-05-23,181.80000,181.89999,173.25999,173.74001,71975500
2024-05-24,174.84000,180.080002,173.73000,179.24001,65479700
2024-05-28,176.39999,178.25,173.16000,176.75,59736600
2024-05-29,174.19000,178.14999,173.92999,176.19000,54782600
2024-05-30,178.58000,182.67000,175.38000,178.78999,77784800
2024-05-31,178.5,180.32001,173.82001,178.080002,67314600
2024-06-03,178.13000,182.64000,174.49001,176.28999,68568900
2024-06-04,174.78000,177.75999,174,174.77000,60056300
2024-06-05,175.35001,176.14999,172.13000,175,57953800
2024-06-06,174.60001,179.73000,172.73000,177.94000,69887000
2024-06-07,176.13000,179.35001,175.58000,177.48000,56244900
2024-06-10,176.059998,178.57001,173.17000,173.78999,50869700
2024-06-11,173.92000,174.75,167.41000,170.66000,64761900
2024-06-12,171.12000,180.55000,169.80000,177.28999,90389400
2024-06-13,188.39000,191.080002,181.23000,182.47000,118984100
2024-06-14,185.80000,186,176.92000,178.0099945,82038200
2024-06-17,177.92000,188.81000,177,187.44000,109786100
2024-06-18,186.56000,187.20000,182.37000,184.86000,68982300
2024-06-20,184.67999,185.21001,179.66000,181.57001,55893100
2024-06-21,182.30000,183.95000,180.69000,183.0099945,63029500
2024-06-24,184.97000,188.80000,182.55000,182.58000,61992100
2024-06-25,184.39999,187.97000,182.0099945,187.35001,63678300
2024-06-26,186.53999,197.75999,186.36000,196.37000,95737100
2024-06-27,195.17000,198.72000,194.050003,197.42000,72746500
2024-06-28,199.55000,203.20000,195.25999,197.88000,95438100
2024-07-01,201.020004,213.23000,200.85001,209.86000,135691400
2024-07-02,218.89000,231.30000,218.059998,231.25999,205047900
2024-07-03,234.56000,248.35001,234.25,246.39000,166561500
2024-07-05,249.81000,252.37000,242.46001,251.52000,154501200
2024-07-08,247.71001,259.44000,244.57001,252.94000,157219600
2024-07-09,251,265.60999,250.30000,262.32999,160210900
2024-07-10,262.79999,267.59000,257.85999,263.26001,128519400
2024-07-11,263.29999,271,239.64999,241.029999,221707300
2024-07-12,235.80000,251.84000,233.089996,248.23000,155955800
2024-07-15,255.97000,265.60001,251.73000,252.64000,146912900
2024-07-16,255.31000,258.62000,245.80000,256.56000,126332500
2024-07-17,252.73000,258.47000,246.17999,248.5,115584800
2024-07-18,251.089996,257.14001,247.20000,249.23000,110869000
2024-07-19,247.78999,249.44000,236.83000,239.20000,87403900
2024-07-22,244.21001,253.21001,243.75,251.50999,101225400
2024-07-23,253.60001,255.75999,245.63000,246.38000,111928200
2024-07-24,225.42000,225.99001,214.71001,215.99001,167942900
2024-07-25,216.80000,226,216.23000,220.25,100636500
2024-07-26,221.19000,222.28000,215.33000,219.80000,94604100
2024-07-29,224.89999,234.27000,224.70000,232.10001,129201800
2024-07-30,232.25,232.41000,220,222.62000,100560300
2024-07-31,227.89999,234.67999,226.78999,232.070007,67497000
2024-08-01,227.69000,231.87000,214.33000,216.86000,83861900
2024-08-02,214.88000,216.13000,205.78000,207.67000,82880100
2024-08-05,185.22000,203.88000,182,198.88000,100308800
2024-08-06,200.75,202.89999,192.67000,200.64000,73783900
2024-08-07,200.77000,203.49001,191.48000,191.75999,71159800
2024-08-08,195.70000,200.70000,192.039993,198.84000,65033900
2024-08-09,197.050003,200.88000,195.11000,200,58648300
2024-08-12,199.020004,199.25999,194.67000,197.49001,64044900
2024-08-13,198.47000,208.49001,197.059998,207.83000,76247400
2024-08-14,207.39000,208.44000,198.75,201.38000,70250000
2024-08-15,205.020004,215.88000,204.82001,214.14000,89848500
2024-08-16,211.14999,219.80000,210.80000,216.12000,88765100
2024-08-19,217.070007,222.98000,214.089996,222.72000,76435200
2024-08-20,224.88000,228.22000,219.56000,221.10001,74001200
2024-08-21,222.67000,224.66000,218.86000,223.27000,70146000
2024-08-22,223.82001,224.80000,210.32001,210.66000,79514500
2024-08-23,214.46001,221.48000,214.21001,220.32001,81525200
2024-08-26,218.75,219.089996,211.0099945,213.21001,59301200
2024-08-27,213.25,215.66000,206.94000,209.21001,62821400
2024-08-28,209.72000,211.84000,202.59000,205.75,64116400
2024-08-29,209.80000,214.89000,205.97000,206.28000,62308800
2024-08-30,208.63000,214.57001,207.029999,214.11000,63370600
2024-09-03,215.25999,219.89999,209.64000,210.60001,76714200
2024-09-04,210.59000,222.22000,210.57001,219.41000,80651800
2024-09-05,223.49001,235,222.25,230.17000,119355000
2024-09-06,232.60001,233.60001,210.50999,210.73000,112177000
2024-09-09,216.20000,219.87000,213.67000,216.27000,67443500
2024-09-10,220.070007,226.39999,218.64000,226.17000,78891100
2024-09-11,224.55000,228.47000,216.80000,228.13000,83548600
2024-09-12,224.66000,231.45000,223.83000,229.81000,72020000
2024-09-13,228,232.67000,226.32001,230.28999,59515100
2024-09-16,229.30000,229.96001,223.53000,226.78000,54323000
2024-09-17,229.45000,234.57001,226.55000,227.87000,66761600
2024-09-18,230.089996,235.67999,226.88000,227.20000,78010200
2024-09-19,234,244.24001,232.13000,243.92000,102694600
2024-09-20,241.52000,243.99001,235.92000,238.25,99879100
2024-09-23,242.61000,250,241.92000,250,86927200
2024-09-24,254.080002,257.19000,249.050003,254.27000,88491000
2024-09-25,252.53999,257.049988,252.28000,257.019989,65034300
2024-09-26,260.60001,261.75,251.53000,254.22000,67142200
2024-09-27,257.38000,260.70001,254.12000,260.45999,70988100
2024-09-30,259.040009,264.85999,255.77000,261.63000,80705700
2024-10-01,262.67001,263.98001,248.53000,258.019989,87397600
2024-10-02,247.55000,251.16000,241.5,249.020004,93983900
2024-10-03,244.48000,249.78999,237.81000,240.66000,80729200
2024-10-04,246.69000,250.96001,244.58000,250.080002,86573200
2024-10-07,249,249.83000,240.70000,240.83000,68113300
2024-10-08,243.56000,246.21001,240.56000,244.5,56303200
2024-10-09,243.82001,247.42999,239.50999,241.050003,66289500
2024-10-10,241.81000,242.78999,232.34000,238.77000,83087100
2024-10-11,220.13000,223.34000,214.38000,217.80000,142628900
2024-10-14,220.13000,221.91000,213.74001,219.16000,86291900
2024-10-15,220.0099945,224.25999,217.12000,219.57001,62988800
2024-10-16,221.39999,222.82001,218.92999,221.33000,49632800
2024-10-17,221.59000,222.080002,217.89999,220.89000,50791800
2024-10-18,220.71001,222.28000,219.23000,220.70000,49611900
2024-10-21,218.89999,220.48000,215.73000,218.85001,47329000
2024-10-22,217.31000,218.22000,215.25999,217.97000,43268700
2024-10-23,217.13000,218.72000,212.11000,213.64999,80938900
2024-10-24,244.67999,262.12000,242.64999,260.48001,204491900
2024-10-25,256.010010,269.48999,255.32001,269.19000,161611900
2024-10-28,270,273.54001,262.23999,262.51001,107653600
2024-10-29,264.51001,264.98001,255.50999,259.51999,80521800
2024-10-30,258.040009,263.35001,255.82001,257.54999,53993600
2024-10-31,257.98999,259.75,249.25,249.85001,66575300
2024-11-01,252.039993,254,246.63000,248.98000,57544800
2024-11-04,244.56000,248.89999,238.88000,242.84000,68802400
2024-11-05,247.34000,255.28000,246.21001,251.44000,69282500
2024-11-06,284.67001,289.59000,275.62000,288.53000,165228700
2024-11-07,288.89001,299.75,285.51999,296.91000,117309200
2024-11-08,299.14001,328.70999,297.66000,321.22000,204782800
2024-11-11,346.29999,358.64001,336,350,210521600
2024-11-12,342.73999,345.84000,323.31000,328.48999,155726000
2024-11-13,335.85001,344.60001,322.5,330.23999,125405600
2024-11-14,327.69000,329.98001,310.37000,311.17999,120726100
2024-11-15,310.57001,324.67999,309.22000,320.72000,114440300
2024-11-18,340.73001,348.54999,330.010010,338.73999,126547500
2024-11-19,335.76001,347.38000,332.75,346,88852500
2024-11-20,345,346.60001,334.29999,342.029999,66340700
2024-11-21,343.81000,347.98999,335.28000,339.64001,58011700
2024-11-22,341.089996,361.53000,337.70001,352.56000,89140700
2024-11-25,360.14001,361.92999,338.20001,338.59000,95890900
2024-11-26,341,346.95999,335.66000,338.23001,62295900
2024-11-27,341.79999,342.54999,326.59000,332.89001,57896400
2024-11-29,336.079987,345.45001,334.64999,345.16000,37167600
2024-12-02,352.38000,360,351.14999,357.089996,77986500
2024-12-03,351.79999,355.69000,348.20001,351.42001,58267200
2024-12-04,353,358.10001,348.60001,357.92999,50810900
2024-12-05,359.87000,375.42999,359.5,369.48999,81403600
2024-12-06,377.42001,389.48999,370.79999,389.22000,81455800
2024-12-09,397.60999,404.79999,378.010010,389.79001,96359200
2024-12-10,392.67999,409.73001,390.85001,400.98999,97563600
2024-12-11,409.70001,424.88000,402.38000,424.76999,104287600
2024-12-12,424.84000,429.29999,415,418.10001,87752200
2024-12-13,420,436.29999,415.70999,436.23001,89000200
2024-12-16,441.089996,463.19000,436.14999,463.019989,114083800
2024-12-17,475.89999,483.98999,457.51001,479.85999,131223000
2024-12-18,466.5,488.54001,427.010010,440.13000,149340800
2024-12-19,451.88000,456.35999,420.019989,436.17001,118566100
2024-12-20,425.51001,447.079987,417.64001,421.059998,132216200
2024-12-23,431,434.51001,415.41000,430.60001,72698100
2024-12-24,435.89999,462.78000,435.14001,462.28000,59551800
2024-12-26,465.16000,465.32999,451.019989,454.13000,76366400
2024-12-27,449.51999,450,426.5,431.66000,82666800
2024-12-30,419.39999,427,415.75,417.41000,64941000
2024-12-31,423.79001,427.92999,402.54001,403.84000,76825100
2025-01-02,390.10001,392.73001,373.040009,379.28000,109710700
2025-01-03,381.48001,411.88000,379.45001,410.44000,95423300
2025-01-06,423.20001,426.42999,401.70001,411.049988,85516500
2025-01-07,405.82999,414.32999,390,394.35999,75699500
2025-01-08,392.95001,402.5,387.39999,394.94000,73038800
2025-01-10,391.39999,399.28000,377.29001,394.73999,62287300
2025-01-13,383.20999,403.79001,380.070007,403.31000,67580500
2025-01-14,414.34000,422.64001,394.54001,396.35999,84565000
2025-01-15,409.89999,429.79999,405.66000,428.22000,81375500
2025-01-16,423.48999,424,409.13000,413.82001,68335200
2025-01-17,421.5,439.73999,419.75,426.5,94991400
2025-01-21,432.64001,433.20001,406.31000,424.070007,87320900
2025-01-22,416.81000,428,414.59000,415.10999,60963300
2025-01-23,416.059998,420.73001,408.95001,412.38000,50690600
2025-01-24,414.45001,418.88000,405.78000,406.57999,56427100
2025-01-27,394.79999,406.69000,389,397.14999,58125500
2025-01-28,396.91000,400.59000,386.5,398.089996,48910700
2025-01-29,395.20999,398.59000,384.48001,389.10001,68033600
2025-01-30,410.78000,412.5,384.41000,400.28000,98092900
2025-01-31,401.53000,419.98999,401.34000,404.60001,83568200
2025-02-03,386.67999,389.17001,374.35999,383.67999,93732100
2025-02-04,382.63000,394,381.39999,392.20999,57072200
2025-02-05,387.51001,388.39001,375.53000,378.17001,57223300
2025-02-06,373.029999,375.39999,363.17999,374.32001,77918200
2025-02-07,370.19000,380.54999,360.34000,361.62000,70298300
2025-02-10,356.20999,362.70001,350.51001,350.73001,77514900
2025-02-11,345.79999,349.37000,325.10001,328.5,118543400
2025-02-12,329.94000,346.39999,329.12000,336.51001,105382700
2025-02-13,345,358.69000,342.85001,355.94000,89441500
2025-02-14,360.62000,362,347.5,355.84000,68277300
2025-02-18,355.010010,359.10001,350.019989,354.10999,51631700
2025-02-19,354,367.34000,353.67001,360.56000,67094400
2025-02-20,361.51001,362.29999,348,354.39999,45965400
2025-02-21,353.44000,354.98001,334.42001,337.79999,74058600
2025-02-24,338.14001,342.39999,324.70001,330.53000,76052300
2025-02-25,327.019989,328.89001,297.25,302.79999,134228800
2025-02-26,303.70999,309,288.040009,290.79999,100118300
2025-02-27,291.16000,297.23001,280.88000,281.95001,101748200
2025-02-28,279.5,293.88000,273.60001,292.98001,115697000
2025-03-03,300.34000,303.94000,277.29999,284.64999,115551400
2025-03-04,270.92999,284.35001,261.84000,272.040009,126706600
2025-03-05,272.92001,279.54999,267.70999,279.10001,94042900
2025-03-06,272.059998,272.64999,260.019989,263.45001,98451600
2025-03-07,259.32001,266.25,250.73000,262.67001,102369600
2025-03-10,252.53999,253.37000,220,222.14999,189076900
2025-03-11,225.31000,237.059998,217.020004,230.58000,174896400
2025-03-12,247.22000,251.84000,241.10001,248.089996,142215700
2025-03-13,248.13000,248.28999,232.60001,240.67999,114813500
2025-03-14,247.31000,251.58000,240.73000,249.98000,100242300
2025-03-17,245.059998,245.39999,232.80000,238.0099945,111900600
2025-03-18,228.16000,230.10001,222.28000,225.31000,111477600
2025-03-19,231.61000,241.41000,229.20000,235.86000,111993800
2025-03-20,233.35001,238,230.050003,236.25999,99028300
2025-03-21,234.99001,249.52000,234.55000,248.71001,132728700
2025-03-24,258.079987,278.64001,256.32999,278.39001,169079900
2025-03-25,283.60001,288.20001,271.28000,288.14001,150361500
2025-03-26,282.66000,284.89999,266.51001,272.059998,153629800
2025-03-27,272.48001,291.85001,271.82001,273.13000,162572100
2025-03-28,275.57999,276.10001,260.57001,263.54999,123809400
2025-03-31,249.31000,260.56000,243.36000,259.16000,134008900
2025-04-01,263.79999,277.45001,259.25,268.45999,146486900
2025-04-02,254.60001,284.98999,251.27000,282.76001,212787800
2025-04-03,265.29001,276.29999,261.51001,267.28000,136174300
2025-04-04,255.38000,261,236,239.42999,181229400
2025-04-07,223.78000,252,214.25,233.28999,183453800
2025-04-08,245,250.44000,217.80000,221.86000,171603500
2025-04-09,224.69000,274.69000,223.88000,272.20001,219433400
2025-04-10,260,262.48999,239.33000,252.39999,181722600
2025-04-11,251.84000,257.73999,241.36000,252.31000,128948100
2025-04-14,258.35999,261.79999,245.92999,252.35001,100135200
2025-04-15,249.91000,258.75,247.53999,254.11000,79594300
2025-04-16,247.61000,251.97000,233.89000,241.55000,112378700
2025-04-17,243.47000,244.34000,237.67999,241.37000,83404800
2025-04-21,230.25999,232.21001,222.78999,227.5,97768000
2025-04-22,230.96001,242.78999,229.85001,237.97000,120858500
2025-04-23,254.86000,259.45001,244.42999,250.74001,150381900
2025-04-24,250.5,259.54001,249.20000,259.51001,94464200
2025-04-25,261.69000,286.85001,259.63000,284.95001,167560700
2025-04-28,288.98001,294.85999,272.42001,285.88000,151731800
2025-04-29,285.5,293.32001,279.47000,292.029999,108906600
2025-04-30,279.89999,284.45001,270.78000,282.16000,128961100
2025-05-01,280.010010,290.87000,279.81000,280.51999,99659000
2025-05-02,284.89999,294.78000,279.81000,287.20999,114454700
2025-05-05,284.57001,284.85001,274.39999,280.26001,94618900
2025-05-06,273.10999,277.73001,271.35001,275.35001,76715800
2025-05-07,276.88000,277.92001,271,276.22000,71592600
2025-05-08,279.63000,289.79999,279.41000,284.82001,97539400
2025-05-09,290.20999,307.040009,290,298.26001,132387800
2025-05-12,321.98999,322.20999,311.5,318.38000,112826700
2025-05-13,320,337.59000,316.79999,334.070007,136992600
2025-05-14,342.5,350,337,347.67999,136997300
2025-05-15,340.34000,346.14001,334.72000,342.82001,97882600
2025-05-16,346.23999,351.62000,342.32999,349.98001,95895700
2025-05-19,336.29999,343,333.37000,342.089996,88869900
2025-05-20,347.87000,354.98999,341.63000,343.82001,131715500
2025-05-21,344.42999,347.35001,332.20001,334.62000,102354800
2025-05-22,331.89999,347.26999,331.39001,341.040009,97113400
2025-05-23,337.92001,343.17999,333.20999,339.34000,84654800
2025-05-27,347.35001,363.79001,347.32001,362.89001,120146400
2025-05-28,364.84000,365,355.91000,356.89999,91404300
2025-05-29,365.29001,367.70999,356,358.42999,88545700
2025-05-30,355.51999,363.67999,345.29001,346.45999,123474900
2025-06-02,343.5,348.019989,333.32999,342.69000,81873800
2025-06-03,346.60001,355.39999,343.040009,344.26999,99324500
2025-06-04,345.10001,345.60001,327.32999,332.049988,98912100
2025-06-05,322.48999,324.54999,273.20999,284.70001,287499800
2025-06-06,298.82999,305.5,291.14001,295.14001,164747700
2025-06-09,285.95999,309.82999,281.85001,308.57999,140908900
2025-06-10,314.94000,327.82999,310.67001,326.089996,151256500
2025-06-11,334.39999,335.5,322.5,326.42999,122611400
2025-06-12,323.079987,332.56000,316.85999,319.10999,105127500
2025-06-13,313.97000,332.98999,313.29999,325.31000,128964300
2025-06-16,331.29001,332.049988,326.41000,329.13000,83925900
2025-06-17,326.089996,327.26001,314.73999,316.35001,88282700
2025-06-18,317.31000,329.32001,315.45001,322.049988,95137700
2025-06-20,327.95001,332.35999,317.78000,322.16000,108688000
2025-06-23,327.54001,357.54001,327.48001,348.67999,190716800
2025-06-24,356.17001,356.26001,340.44000,340.47000,114736200
2025-06-25,342.70001,343,320.39999,327.54999,119845100
2025-06-26,324.60999,331.049988,323.60999,325.78000,80440900
2025-06-27,324.51001,329.34000,317.5,323.63000,89067000
2025-06-30,319.89999,325.57999,316.60001,317.66000,76695100
2025-07-01,298.45999,305.89001,293.20999,300.70999,145085700
2025-07-02,312.63000,316.82999,303.82001,315.64999,119483700
2025-07-03,317.98999,318.45001,312.76001,315.35001,58042300
2025-07-07,291.37000,296.14999,288.76999,293.94000,131177900
2025-07-08,297,304.049988,294.35001,297.81000,103246700
2025-07-09,297.54999,300.14999,293.54999,295.88000,75586800
2025-07-10,300.049988,310.48001,300,309.87000,104365300
2025-07-11,307.89001,314.089996,305.64999,313.51001,79236400
2025-07-14,317.73001,322.60001,312.67001,316.89999,78043400
2025-07-15,319.67999,321.20001,310.5,310.78000,77556300
2025-07-16,312.79999,323.5,312.62000,321.67001,97284800
2025-07-17,323.14999,324.34000,317.059998,319.41000,73922900
2025-07-18,321.66000,330.89999,321.42001,329.64999,94255000
2025-07-21,334.39999,338,326.88000,328.48999,75768800
2025-07-22,329.73999,335.41000,321.54999,332.10999,77370400
2025-07-23,330.89999,336.20001,328.67001,332.56000,92553800
2025-07-24,310,310.14999,300.41000,305.29999,156966000
2025-07-25,308.73999,323.63000,308.010010,316.059998,148227000
2025-07-28,318.45001,330.48999,315.69000,325.59000,112673800
2025-07-29,325.54999,326.25,318.25,321.20001,87358900
2025-07-30,322.17999,324.45001,311.62000,319.040009,83931900
2025-07-31,319.60999,321.37000,306.10001,308.26999,85270900
2025-08-01,306.20999,309.31000,297.82001,302.63000,89121400
2025-08-04,309.079987,312.12000,303,309.26001,78683900
2025-08-05,308.95001,312.45001,305.5,308.72000,57961300
2025-08-06,307.89001,320.47000,306.92999,319.91000,78523600
2025-08-07,319.79001,322.39999,316.16000,322.26999,66658700
2025-08-08,321.42999,335.14999,320.98001,329.64999,91200300
2025-08-11,335,346.64001,334.14999,339.029999,105320200
2025-08-12,345,345.26001,332.94000,340.84000,80522100
2025-08-13,341.5,348.98001,338.20001,339.38000,67838900
2025-08-14,335.76001,340.47000,330.39999,335.57999,75000700
2025-08-15,337.66000,339.29999,327.019989,330.56000,74319800
2025-08-18,329.62000,336.26999,329.59000,335.16000,56956600
2025-08-19,335.79001,340.54999,327.85001,329.31000,75956000
2025-08-20,329.22000,331.37000,314.60001,323.89999,77481800
2025-08-21,322.079987,324.89999,318.67999,320.10999,55744400
2025-08-22,321.66000,340.25,319.69000,340.010010,94016300
2025-08-25,338.89999,349.53000,335.029999,346.60001,86670000
2025-08-26,344.92999,351.89999,343.72000,351.67001,76651600
2025-08-27,351.94000,355.39001,349.16000,349.60001,65519000
2025-08-28,350.91000,353.54999,340.26001,345.98001,67903200
2025-08-29,347.23001,348.75,331.70001,333.87000,81145700
2025-09-02,328.23001,333.32999,325.60001,329.35999,58392000
2025-09-03,335.20001,343.32999,328.51001,334.089996,88733300
2025-09-04,336.14999,338.89001,331.48001,338.53000,60711000
2025-09-05,348,355.87000,344.67999,350.84000,108989800
2025-09-08,354.64001,358.44000,344.84000,346.39999,75208300
2025-09-09,348.44000,350.76999,343.82001,346.97000,53816000
2025-09-10,350.54999,356.32999,346.070007,347.79001,72121700
2025-09-11,350.17001,368.98999,347.60001,368.81000,103756000
2025-09-12,370.94000,396.69000,370.23999,395.94000,168156400
2025-09-15,423.13000,425.70001,402.42999,410.040009,163823700
2025-09-16,414.5,423.25,411.42999,421.62000,104285700
2025-09-17,415.75,428.31000,409.67001,425.85999,106133500
2025-09-18,428.87000,432.22000,416.56000,416.85001,90454500
2025-09-19,421.82001,429.47000,421.72000,426.070007,93131000
2025-09-22,431.10999,444.98001,429.13000,434.20999,97108800
2025-09-23,439.88000,440.97000,423.72000,425.85001,83422700
2025-09-24,429.82999,444.20999,429.029999,442.79001,93133600
2025-09-25,435.23999,435.35001,419.079987,423.39001,96746400
2025-09-26,428.29999,440.47000,421.019989,440.39999,101628200
2025-09-29,444.35001,450.98001,439.5,443.20999,79491500
2025-09-30,441.51999,445,433.12000,444.72000,74358000
2025-10-01,443.79999,462.29001,440.75,459.45999,98122300
2025-10-02,470.54001,470.75,435.57001,436,137009000
2025-10-03,443.29001,446.76999,416.57999,429.82999,132772600
